recordId,machine,operator,position,depth,plumb,state,dateCreated,lastUpdated
GEO-2025-07-0418,TND-DD-0121,Edward,52.4046° N,3.56,0.05° verticality,Review,2025-07-18,2025-07-18T00:00:00+00:00
GEO-2025-07-0417,TND-DD-0114,Jack Mercer,52.4042° N,3.42,0.04° verticality,Verified,2025-07-18,2025-07-18T00:00:00+00:00
GEO-2025-07-0416,TND-DD-0114,Jack Mercer,52.4039° N,3.38,0.08° verticality,Verified,2025-07-18,2025-07-18T00:00:00+00:00
GEO-2025-07-0415,TND-DD-0119,Lukas Weber,52.4071° N,3.44,0.06° verticality,Verified,2025-07-18,2025-07-18T00:00:00+00:00
GEO-2025-07-0414,TND-DD-0119,Lukas Weber,52.4068° N,3.51,0.05° verticality,Review,2025-07-18,2025-07-18T00:00:00+00:00
GEO-2025-07-0413,TND-DD-0121,Priya Natarajan,52.4055° N,4.05,0.11° verticality,Verified,2025-07-17,2025-07-17T00:00:00+00:00
GEO-2025-07-0412,TND-DD-0121,Priya Natarajan,52.4053° N,3.97,0.09° verticality,Review,2025-07-17,2025-07-17T00:00:00+00:00
GEO-2025-07-0411,TND-DD-0114,Sofia Alvarez,52.4047° N,3.29,0.03° verticality,Verified,2025-07-17,2025-07-17T00:00:00+00:00
GEO-2025-07-0410,TND-DD-0119,Sofia Alvarez,52.4061° N,2.92,0.13° verticality,Review,2025-07-16,2025-07-16T00:00:00+00:00
GEO-2025-07-0409,TND-DD-0121,Jack Mercer,52.4036° N,3.66,0.07° verticality,Verified,2025-07-16,2025-07-16T00:00:00+00:00
GEO-2025-07-0408,TND-DD-0114,Lukas Weber,52.4049° N,3.15,0.15° verticality,Review,2025-07-16,2025-07-16T00:00:00+00:00
GEO-2025-07-0407,TND-DD-0119,Priya Natarajan,52.4058° N,3.73,0.02° verticality,Verified,2025-07-15,2025-07-15T00:00:00+00:00
GEO-2025-07-0406,TND-DD-0121,Sofia Alvarez,52.4044° N,3.08,0.12° verticality,Review,2025-07-15,2025-07-15T00:00:00+00:00
